_id,id,title,vote_average,vote_count,status,release_date,revenue,runtime,adult,backdrop_path,budget,homepage,imdb_id,original_language,original_title,overview,popularity,poster_path,tagline,genres,production_companies,production_countries,spoken_languages
65ef3f30675dde8010852f3c,124905,Godzilla,6.289,8360,Released,2014-05-14T00:00:00.000Z,529076069,123,FALSE,/zCjZfevPFBbOh2SAx2syIBHSqEI.jpg,160000000,http://www.godzillamovie.com,tt0831387,en,Godzilla,"Ford Brody, a Navy bomb expert, has just reunited with his family in San Francisco when he is forced to go to Japan to help his estranged father, Joe. Soon, both men are swept up in an escalating crisis when an ancient alpha predator arises from the sea to combat malevolent adversaries that threaten the survival of humanity. The creatures leave colossal destruction in their wake, as they make their way toward their final battleground: San Francisco.",44.153,https://image.tmdb.org/t/p/original//zokD6uxR2iWfYM3Y84yGJvnNTK7.jpg,"The world ends, Godzilla begins.","Action, Drama, Science Fiction",Legendary Pictures,United States of America,"English, Japanese, Tagalog"
65ef3f30675dde8010852f13,399566,Godzilla vs. Kong,7.661,9080,Released,2021-03-24T00:00:00.000Z,470116094,114,FALSE,/inJjDhCjfhh3RtrJWBmmDqeuSYC.jpg,200000000,https://www.warnerbros.com/movies/godzilla-vs-kong,tt5034838,en,Godzilla vs. Kong,"In a time when monsters walk the Earth, humanity’s fight for its future sets Godzilla and Kong on a collision course that will see the two most powerful forces of nature on the planet collide in a spectacular battle for the ages.",99.005,https://image.tmdb.org/t/p/original//pgqgaUx1cJb5oZQQ5v0tNARCeBp.jpg,One Will Fall,"Action, Science Fiction, Thriller",Legendary Pictures,United States of America,English
65ef3f30675dde80108530a3,373571,Godzilla: King of the Monsters,6.674,5479,Released,2019-05-29T00:00:00.000Z,386600138,132,FALSE,/uovH5k4BAEPqXqxgwVrTtqH169g.jpg,170000000,http://www.godzillamovie.com,tt3741700,en,Godzilla: King of the Monsters,"Follows the heroic efforts of the crypto-zoological agency Monarch as its members face off against a battery of god-sized monsters, including the mighty Godzilla, who collides with Mothra, Rodan, and his ultimate nemesis, the three-headed King Ghidorah. When these ancient super-species, thought to be mere myths, rise again, they all vie for supremacy, leaving humanity's very existence hanging in the balance.",53.983,https://image.tmdb.org/t/p/original//fQ40gmFM4p03tXwMxQQKh2cCBW4.jpg,Long live the king.,"Science Fiction, Action","Legendary Pictures, Huahua Media, TOHO","China, Japan, United States of America","Mandarin, English, Japanese"
65ef3f32675dde80108532a9,929,Godzilla,5.605,3541,Released,1998-05-20T00:00:00.000Z,379014294,138,FALSE,/z6fmvhQXS5hbXSizx4DGajjBmGD.jpg,130000000,https://www.sonypictures.com/movies/godzilla,tt0120685,en,Godzilla,"French nuclear tests irradiate an iguana into a giant monster that viciously attacks freighter ships in the Pacific Ocean. A team of experts, including Niko Tatopoulos, conclude that the oversized reptile is the culprit. Before long, the giant lizard is loose in Manhattan as the US military races to destroy the monster before it reproduces and it's spawn takes over the world.",30.112,https://image.tmdb.org/t/p/original//tqQ9Nt5C1Z5PRDPxYXQ4qwy5v5V.jpg,Size does matter.,"Science Fiction, Action, Thriller","TOHO, TriStar Pictures, Independent Pictures (II), Fried Films, Centropolis Entertainment","Japan, United States of America","English, French, Japanese, Russian, Spanish"
65ef3f54675dde8010857a4c,856289,Creation of the Gods I: Kingdom of Storms,7.5,89,Released,2023-07-20T00:00:00.000Z,357736908,148,FALSE,/A8paSZwFPs5EmMGE2hbNGKqBfC5.jpg,0,,tt6979756,zh,封神第一部：朝歌风云,"Based on the most well-known classical fantasy novel of China, Fengshenyanyi, the trilogy is a magnificent eastern high fantasy epic that recreates the prolonged mythical wars between humans, immortals and monsters, which happened more than three thousand years ago.",254.998,https://image.tmdb.org/t/p/original//ccJpK0rqzhQeP7Mrs2uKqObFY4L.jpg,,"Action, Fantasy, War","Beijing Jingxi Culture and Tourism, Century Changshengtian Film, Tencent Penguin Pictures, Maoyan Entertainment, Huaxia Film Distribution, 北京京西文化旅游股份有限公司",China,Mandarin
65ef3f30675dde80108531a5,147441,Exodus: Gods and Kings,5.847,4251,Released,2014-12-03T00:00:00.000Z,268031828,150,FALSE,/hJ1jUw8irCiWwQk7BElxF92BrlK.jpg,140000000,https://www.20thcenturystudios.com/movies/exodus-gods-and-kings,tt1528100,en,Exodus: Gods and Kings,"The defiant leader Moses rises up against the Egyptian Pharaoh Ramses, setting 400,000 slaves on a monumental journey of escape from Egypt and its terrifying cycle of deadly plagues.",78.892,https://image.tmdb.org/t/p/original//uaDj37JtvLan9tihxZ18e6qL33b.jpg,"Once brothers, now enemies.","Adventure, Drama, Action","Volcano Films, Chernin Entertainment, Scott Free Productions, Babieka Films","Spain, United Kingdom, United States of America",English
65ef3f30675dde8010852df9,238,The Godfather,8.707,18677,Released,1972-03-14T00:00:00.000Z,245066411,175,FALSE,/tmU7GeKVybMWFButWEGl2M4GeiP.jpg,6000000,http://www.thegodfather.com/,tt0068646,en,The Godfather,"Spanning the years 1945 to 1955, a chronicle of the fictional Italian-American Corleone crime family. When organized crime family patriarch, Vito Corleone barely survives an attempt on his life, his youngest son, Michael steps in to take care of the would-be killers, launching a campaign of bloody revenge.",158.448,https://image.tmdb.org/t/p/original//3bhkrj58Vtu7enYsRolD1fZdja1.jpg,An offer you can't refuse.,"Drama, Crime","Paramount, Alfran Productions",United States of America,"English, Italian, Latin"
65ef3f32675dde8010853237,205584,Gods of Egypt,5.629,3817,Released,2016-02-25T00:00:00.000Z,150680864,127,FALSE,/bF9k4L3E93fHESs55zcyvxG5qZH.jpg,140000000,,tt2404233,en,Gods of Egypt,A common thief joins a mythical god on a quest through Egypt.,32.95,https://image.tmdb.org/t/p/original//hzH7fwaTyQNITLo40Hu3R7cVMqv.jpg,The battle for eternity begins,"Action, Adventure, Fantasy","Thunder Road, Pyramania, Summit Entertainment, Mystery Clock Cinema, TIK Films, Lionsgate, Fin Design & Effects","Australia, Hong Kong, United States of America",English
65ef3f30675dde801085308a,242,The Godfather Part III,7.422,5627,Released,1990-12-25T00:00:00.000Z,136766062,162,FALSE,/zNnjHLDtV8Ti3aworltaeaLMov4.jpg,54000000,,tt0099674,en,The Godfather Part III,"In the midst of trying to legitimize his business dealings in 1979 New York and Italy, aging mafia don, Michael Corleone seeks forgiveness for his sins while taking a young protege under his wing.",73.018,https://image.tmdb.org/t/p/original//lm3pQ2QoQ16pextRsmnUbG2onES.jpg,All the power on earth can't change destiny.,"Crime, Drama, Thriller","Paramount, American Zoetrope",United States of America,"English, Italian, German, Latin"
65ef3f32675dde80108534e7,594767,Shazam! Fury of the Gods,6.662,2416,Released,2023-03-15T00:00:00.000Z,133437105,130,FALSE,/zRQITMLvVi8z2Xz12Bi6wvbZE82.jpg,125000000,,tt10151854,en,Shazam! Fury of the Gods,"Billy Batson and his foster siblings, who transform into superheroes by saying ""Shazam!"", are forced to get back into action and fight the Daughters of Atlas, who they must stop from using a weapon that could destroy the world.",143.169,https://image.tmdb.org/t/p/original//A3ZbZsmsvNGdprRi2lKgGEeVLEH.jpg,Oh. My. Gods.,"Comedy, Action, Fantasy","New Line Cinema, The Safran Company, DC Films",United States of America,
65ef3f37675dde8010853eab,397567,Along with the Gods: The Two Worlds,8.106,877,Released,2017-12-20T00:00:00.000Z,125983972,139,FALSE,/wyv2Y9vXYJwJzF6cNVuVwVOsOUj.jpg,18300000,,tt7160070,ko,신과함께-죄와 벌,"Having died unexpectedly, firefighter Ja-hong is taken to the afterlife by 3 afterlife guardians. Only when he passes 7 trials over 49 days and proves he was innocent in human life, he’s able to reincarnate, and his 3 afterlife guardians are by his side to defend him in trial.",25.203,https://image.tmdb.org/t/p/original//gJSvIsI6oQfFim0PGyuuiCYfqKs.jpg,Fate continues even after death,"Action, Adventure, Fantasy, Thriller","Lotte Entertainment, Dexter Studios, Realies Pictures, Korean Film Council, Alpha Pictures, kth, Union Investment Partners","Hong Kong, South Korea",Korean
65ef3f3b675dde801085460f,518068,Along with the Gods: The Last 49 Days,8.171,522,Released,2018-08-01T00:00:00.000Z,112790210,141,FALSE,/ul4WiN9EJxsMokdg7z4Y6iisvHS.jpg,18300000,,tt8116428,ko,신과함께-인과 연,"As the deceased soul Ja-hong and his three afterlife guardians prepare for their remaining trials for reincarnation, the guardians soon come face to face with the truth of their tragic time on Earth 1,000 years earlier.",23.985,https://image.tmdb.org/t/p/original//9BnqBHFGDv3WlCPB2qQwzAWdy7y.jpg,Unveiling millennium-old secrets.,"Fantasy, Action, Thriller, Adventure","Lotte Entertainment, Dexter Studios, Realies Pictures, Union Investment Partners, Korean Film Council, Art Service, Alpha Pictures","Hong Kong, South Korea",Korean
65ef3f30675dde8010852e9b,240,The Godfather Part II,8.591,11293,Released,1974-12-20T00:00:00.000Z,102600000,202,FALSE,/kGzFbGhp99zva6oZODW5atUtnqi.jpg,13000000,,tt0071562,en,The Godfather Part II,"In the continuing saga of the Corleone crime family, a young Vito Corleone grows up in Sicily and in 1910s New York. In the 1950s, Michael Corleone attempts to expand the family business into Las Vegas, Hollywood and Cuba.",64.753,https://image.tmdb.org/t/p/original//hek3koDUyRQk7FIhPXsa6mT2Zc3.jpg,"I don't feel I have to wipe everybody out, Tom. Just my enemies.","Drama, Crime","Paramount, The Coppola Company",United States of America,"English, Italian, Latin, Spanish"
65ef3f9d675dde80108638fd,1077295,Godspeed,4.75,12,Released,2023-04-28T00:00:00.000Z,81250000,100,FALSE,/mvyh8tXxuuaAFGR6QGQEbxfsd1s.jpg,0,,tt26935962,zh,人生路不熟,"A family of four people experience a laughable and touching journey. Truck driver Zhou Donghai doesn't think Wan Yi Fan is good enough as his son-in-law-to-be. In order to make his future father-in-law happy, Wan Yifan has been trying hard but keeps doing wrong things.",1.631,https://image.tmdb.org/t/p/original//tekSR9MipaYSxFYzcCFLZ8QdOkI.jpg,,Comedy,Shanghai PMF Media,China,Mandarin
65ef3f36675dde8010853d22,315011,Shin Godzilla,7.089,1001,Released,2016-07-29T00:00:00.000Z,77947607,120,FALSE,/9nyToPG5mhfm4KiPGChu35jH9QZ.jpg,15000000,,tt4262980,ja,シン・ゴジラ,"When a massive, gilled monster emerges from the deep and tears through the city, the government scrambles to save its citizens.  A rag-tag team of volunteers cuts through a web of red tape to uncover the monster's weakness and its mysterious ties to a foreign superpower.  But time is not on their side - the greatest catastrophe to ever befall the world is about to evolve right before their very eyes.",26.397,https://image.tmdb.org/t/p/original//jPNShaWZMpVF0iQ7j1dvTuZLD20.jpg,Reality (Japan) vs. Fiction (Godzilla),"Action, Science Fiction, Horror","Toho Pictures, Cine Bazar, TOHO",Japan,"Italian, German, English, Japanese"
65ef3f77675dde801085d1d5,844075,New Gods: Yang Jian,7,26,Released,2022-08-19T00:00:00.000Z,70826303,128,FALSE,/z2h8AtjutsbcERpGTVPoQAGO6p8.jpg,0,https://gkids.com/films/new-gods-yang-jian/,tt19757204,zh,新神榜：杨戬,"Fifteen hundred years after the war of gods, the heaven declined. Yang Jian, the God of Erlang, made a living by working as a catcher. One day, Yang Jian was ordered to hunt down a young man, his own nephew.",8.718,https://image.tmdb.org/t/p/original//tW5dFOemV4d7hxTcVI2bu4u0C9z.jpg,,"Animation, Adventure, Fantasy",Light Chaser Animation Studios,China,Mandarin
65ef3f44675dde80108552f3,235260,Son of God,6.871,275,Released,2014-02-28T00:00:00.000Z,67800064,138,FALSE,/AuMXdzUnN9eaQ4SA3kxyjCfDCJT.jpg,22000000,,tt3210686,en,Son of God,"In the Holy Land, the Roman occupation has produced a cauldron of oppression, anxiety and excessive taxes levied upon the Jewish people. Fearing the wrath of Roman governor Pontius Pilate , Jewish high priest Caiaphas tries to keep control of his people. That control is threatened when Jesus arrives in Jerusalem, performing miracles and spreading messages of love and hope. Those who fear that Jesus will inspire a revolution decide that he must die.",17.406,https://image.tmdb.org/t/p/original//7xWa1p2qMn4rxGIvRDDebJrXMiI.jpg,Their Empire. His Kingdom.,Drama,"Hearst Entertainment Productions, LightWorkers Media, 20th Century Fox",United States of America,"English, Hebrew"
65ef3f36675dde8010853b4a,99770,Asterix & Obelix: God Save Britannia,5.101,1180,Released,2012-10-17T00:00:00.000Z,61319383,110,FALSE,/o85S8MN16ILEeSPL4JyEVzAmvZV.jpg,61000000,,tt1597522,fr,Astérix & Obélix - Au service de Sa Majesté,Asterix crosses the channel to help second-cousin Anticlimax face down Julius Caesar and invading Romans.,12.269,https://image.tmdb.org/t/p/original//rbdGCkvLPxuSvfVwHDK4PmOqmIm.jpg,,"Family, Adventure, Comedy","Fidélité Films, Wild Bunch, Cinetotal, Lucky Red, Morena Films, Saint Sébastien Froissart, France 2 Cinéma, France 3 Cinéma, Les Éditions Albert René, OCS, Bruxelles Capitale, Région Wallone, Octagon Films, SCOPE Pictures, France Télévisions, Small Island Films, ICAA, CNC, SODEC","Belgium, Canada, France, Hungary, Ireland, Italy, Malta, Spain",French
65ef3f36675dde8010853ce0,8393,The Gods Must Be Crazy,7.231,1023,Released,1980-09-10T00:00:00.000Z,60000000,109,FALSE,/nUbWdUmVxln18ZWi8spqInbTQ0J.jpg,5000000,,tt0080801,en,The Gods Must Be Crazy,A Coca-Cola bottle dropped from an airplane raises havoc among a normally peaceful tribe of African bushmen who believe it to be a utensil of the gods.,18.957,https://image.tmdb.org/t/p/original//kO7YwEuyTfjXP8plVhmcLf3IlUq.jpg,The critics are raving... the natives are restless... and the laughter is non-stop!,"Action, Comedy","CAT Films, Mimosa Films","South Africa, Botswana","Afrikaans, English, Tswana"
65ef3f34675dde8010853974,126963,Dragon Ball Z: Battle of Gods,6.793,1392,Released,2013-03-30T00:00:00.000Z,50461371,85,FALSE,/pWNUpRESGnzKqweHCB77JShPZ2i.jpg,0,http://www.dragonball2013.com/,tt2263944,ja,ドラゴンボールZ 神と神,"The events of Battle of Gods take place some years after the battle with Majin Buu, which determined the fate of the entire universe. After awakening from a long slumber, Beerus, the God of Destruction is visited by Whis, his attendant and learns that the galactic overlord Frieza has been defeated by a Super Saiyan from the North Quadrant of the universe named Goku, who is also a former student of the North Kai. Ecstatic over the new challenge, Goku ignores King Kai's advice and battles Beerus, but he is easily overwhelmed and defeated. Beerus leaves, but his eerie remark of ""Is there nobody on Earth more worthy to destroy?"" lingers on. Now it is up to the heroes to stop the God of Destruction before all is lost.",50.805,https://image.tmdb.org/t/p/original//nxZEdYcHMuD8SSuwusDnK9CD2H1.jpg,,"Animation, Action, Science Fiction","Bandai Namco Games, Toei Animation, Fuji Television Network, Shueisha, Toei Company, Fox International Productions Japan, Bird Studios, YOMIKO Advertising, Bandai Namco Group, Sony Music Entertainment (Japan), Bandai",Japan,Japanese
65ef3f30675dde8010852dc4,27205,Inception,8.364,34495,Released,2010-07-15T00:00:00.000Z,825532764,148,FALSE,/8ZTVqvKDQ8emSGUEMjsS4yHAwrp.jpg,160000000,https://www.warnerbros.com/movies/inception,tt1375666,en,Inception,"Cobb, a skilled thief who commits corporate espionage by infiltrating the subconscious of his targets is offered a chance to regain his old life as payment for a task considered to be impossible: ""inception"", the implantation of another person's idea into a target's subconscious.",83.952,https://image.tmdb.org/t/p/original//oYuLEt3zVCKq57qu2F8dT7NIa6f.jpg,Your mind is the scene of the crime.,"Action, Science Fiction, Adventure","Legendary Pictures, Syncopy, Warner Bros. Pictures","United Kingdom, United States of America","English, French, Japanese, Swahili"
65ef3f6d675dde801085b984,613092,The Crack: Inception,6.7,34,Released,2019-10-04T00:00:00.000Z,332356,117,FALSE,/JeGkRdNsOuMrgwBdtB0hp763MU.jpg,0,https://filmaxinternationalsales.com/film/the-crack-inception,tt6793710,es,El crack cero,"Madrid, Spain, 1975; shortly after the end of the Franco dictatorship. Six months after the mysterious death of his lover, a prestigious tailor, a married woman visits the office of the young Germán Areta, a former police officer turned private detective, to request his professional services.",3.408,https://image.tmdb.org/t/p/original//kzgPu2CMxBr4YZZxC1Off4cUfR9.jpg,The prequel to the cult film El Crack,"Drama, Thriller","TVE, Movistar+, Trece TV, Nickel Odeon",Spain,Spanish
65ef40ca675dde8010898a60,542438,Bikini Inception,7,1,Released,2015-05-19T00:00:00.000Z,0,106,FALSE,,0,,tt8269586,en,Bikini Inception,"Two flunky Janitors in an Arctic Lab perform unauthorized experiments transporting them to a beach dream world in Malibu California w/50 beautiful young girls and a female Brazilian PhD Student wearing only a bra and panties. A '67 Muscle car races chases horses guns fights surfing, sumo wrestler, wolf monster, underwater scenes tons of gorgeous models. Sexy sci-fi fun.",1.328,https://image.tmdb.org/t/p/original//mNASlEOFX2c9upxaSbgeKFvIr1L.jpg,,Comedy,Luck Films,,English
65ef4057675dde8010883093,957443,Inception: Jump Right Into the Action,9.5,2,Released,,0,44,FALSE,,0,,tt5295990,en,Inception: Jump Right Into the Action,"Inception: Making of. Join filmmaker Christopher Nolan and his cast and crew as they reveal the secrets of Inception, its development, characters, performances, story and jaw-dropping special effects in this solid 14-segments piece.",0.6,,,,,,English
65ef407d675dde8010889e6e,973484,Inception: Music from the Motion Picture,6,1,Released,2010-12-07T00:00:00.000Z,0,38,FALSE,,0,,,en,Inception: Music from the Motion Picture,The Special Features Blu-ray disc contains a lossless DTS-HD MA 5.1 surround mix of the Inception soundtrack.,1.013,https://image.tmdb.org/t/p/original//7uM4DyRVAcgagvhZoWrkrqMPbqV.jpg,,Music,,,
65ef3f44675dde8010855180,64956,Inception: The Cobol Job,7.255,290,Released,2010-12-07T00:00:00.000Z,0,14,FALSE,,0,,tt5295894,en,Inception: The Cobol Job,"This ""Inception"" prequel unfolds courtesy of a beautiful Motion Comic, and explains how Cobb, Arthur and Nash were enlisted by Cobol Engineering.",8.355,https://image.tmdb.org/t/p/original//sNxqwtyHMNQwKWoFYDqcYTui5Ok.jpg,,"Animation, Action, Thriller, Science Fiction","Warner Bros. Pictures, Warner Home Video","United Kingdom, United States of America",English
65ef415b675dde80108b64ed,887291,L’inceppata,0,0,Released,1960-10-01T00:00:00.000Z,0,11,FALSE,,0,,,en,L’inceppata,A village in Calabria still follows ancient customs in which young women must secretly wait for a log to be dragged to their doorstep in a symbolic declaration of love. Lino Del Fra reflects on how the weight of traditions exercises social control over love and family relationships.,0.6,,,Documentary,,,
65ef4194675dde80108c2b0b,973810,Palestrina - Princeps musicae,0,0,Released,2009-11-15T00:00:00.000Z,0,52,FALSE,,0,,tt1611965,en,Palestrina - Princeps musicae,"A music film on the life of Giovanni Pierluigi da Palestrina, a famous Italian Renaissance composer of sacred music and the best-known 16th-century composer of the Roman School.",0.6,https://image.tmdb.org/t/p/original//sbfc2auLYBWzibcE6YtMrBEKofD.jpg,,,,,
65ef4012675dde80108777fd,350632,The Inception of Dramatic Representation,5.8,3,Released,,0,83,FALSE,,0,http://onlinebharatanatyam.com/2013/11/17/dvd-natyarambham-learning-adavus-in-bharatanatyam/,,en,Nātyārambham,"On certain Adavus: the basic steps in Bharatanatyam. The first part covers Tatta Adavu, Natta Adavu, Visharu Adavu , Tatti Metti Adavu and Teermanam Adavu.",0.68,,Learning Adavus in Bharatanatyam - Part 1,,,,"English, Sanskrit"
65ef3fdd675dde801086e334,250845,WWA The Inception,3.1,5,Released,2001-10-26T00:00:00.000Z,0,0,FALSE,,0,,tt0311992,en,WWA The Inception,"The first World Wrestling Allstars pay per view, live from Sydney, Australia! A tournament titled ""7 Deadly Sins"", each round having a stipulation match, the winner will be crowned the first ever WWA Heavyweight Champion! Wrestlers such as Jeff Jarrett, Road Dogg, Jerry Lawler all compete in the tournament, with the WWA Commissioner, Bret Hart not too far away to make sure nothing gets to far out of hand!",1.88,,,,,,
65ef3f30675dde8010852ff6,616037,Thor: Love and Thunder,6.517,6510,Released,2022-07-06T00:00:00.000Z,760928081,119,FALSE,/vvObT0eIWGlArLQx3K5wZ0uT812.jpg,250000000,https://www.marvel.com/movies/thor-love-and-thunder,tt10648342,en,Thor: Love and Thunder,"After his retirement is interrupted by Gorr the God Butcher, a galactic killer who seeks the extinction of the gods, Thor Odinson enlists the help of King Valkyrie, Korg, and ex-girlfriend Jane Foster, who now wields Mjolnir as the Mighty Thor. Together they embark upon a harrowing cosmic adventure to uncover the mystery of the God Butcher’s vengeance and stop him before it’s too late.",117.087,https://image.tmdb.org/t/p/original//pIkRyD18kl4FhoCNQuWxWu5cBLM.jpg,The one is not the only.,"Fantasy, Action, Comedy","Marvel Studios, Kevin Feige Productions",United States of America,English
65ef3f32675dde80108533f8,1934,Shakespeare in Love,6.868,2823,Released,1998-12-11T00:00:00.000Z,289317794,123,FALSE,/i16MjvM9YsQ85ejdB63gtGXDu4W.jpg,25000000,,tt0138097,en,Shakespeare in Love,"Young Shakespeare is forced to stage his latest comedy, ""Romeo and Ethel, the Pirate's Daughter,"" before it's even written. When a lovely noblewoman auditions for a role, they fall into forbidden love -- and his play finds a new life (and title). As their relationship progresses, Shakespeare's comedy soon transforms into tragedy.",18.679,https://image.tmdb.org/t/p/original//iNCTveBiq7jQ4Av4ynWSdWXN6Cc.jpg,Love is the only inspiration.,"Romance, History, Comedy","Universal Pictures, Miramax, Bedford Falls Productions","United Kingdom, United States of America",English
65ef3f30675dde801085303f,508,Love Actually,7.1,6047,Released,2003-09-07T00:00:00.000Z,244931766,135,FALSE,/xUWf5xX0AnZgAnYXAMk03zTbsef.jpg,40000000,http://www.loveactually.com/,tt0314331,en,Love Actually,Eight London couples try to deal with their relationships in different ways. Their tryst with love makes them discover how complicated relationships can be.,23.456,https://image.tmdb.org/t/p/original//7QPeVsr9rcFU9Gl90yg0gTOTpVv.jpg,The Ultimate Romantic Comedy.,"Comedy, Romance, Drama","Working Title Films, DNA Films, Universal Pictures, StudioCanal","France, United Kingdom","English, French, Portuguese"
65ef3f32675dde801085354a,38167,Eat Pray Love,6.231,2272,Released,2010-08-12T00:00:00.000Z,204594016,133,FALSE,/elzrIY3nfzWz4AXh0lxxBsXLCGI.jpg,60000000,http://www.sonypictures.com/movies/eatpraylove/,tt0879870,en,Eat Pray Love,"Liz Gilbert had everything a modern woman is supposed to dream of having – a husband, a house and a successful career – yet like so many others, she found herself lost, confused and searching for what she really wanted in life. Newly divorced and at a crossroads, Gilbert steps out of her comfort zone, risking everything to change her life, embarking on a journey around the world that becomes a quest for self-discovery. In her travels, she discovers the true pleasure of nourishment by eating in Italy, the power of prayer in India and, finally and unexpectedly, the inner peace and balance of true love in Bali.",21.669,https://image.tmdb.org/t/p/original//9Hgiv1UEIjc8VwtOmFBCFzMs0er.jpg,Let Yourself GO,"Drama, Romance","Red Om Films, Columbia Pictures, Plan B Entertainment",United States of America,"Portuguese, English, Italian"
65ef3f34675dde8010853736,691,The Spy Who Loved Me,6.8,1764,Released,1977-07-07T00:00:00.000Z,185438673,125,FALSE,/lhPq8R8qgoyLNWvVTiqZSkYGLPX.jpg,13000000,https://www.mgm.com/movies/the-spy-who-loved-me,tt0076752,en,The Spy Who Loved Me,Russian and British submarines with nuclear missiles on board both vanish from sight without a trace. England and Russia both blame each other as James Bond tries to solve the riddle of the disappearing ships. But the KGB also has an agent on the case.,28.088,https://image.tmdb.org/t/p/original//3ZxHKFxMYvAko680DsRgAZKWcLi.jpg,It's the BIGGEST. It's the BEST. It's BOND. And B-E-Y-O-N-D.,"Adventure, Action, Thriller","Eon Productions, Danjaq","United Kingdom, United States of America","English, Italian, Arabic"
65ef3f30675dde8010852ff3,7191,Cloverfield,6.672,6525,Released,2008-01-15T00:00:00.000Z,170764026,85,FALSE,/6ms6RdNcQUAnjBY26aM85xC2wV0.jpg,25000000,,tt1060277,en,Cloverfield,"Five young New Yorkers throw their friend a going-away party the night that a monster the size of a skyscraper descends upon the city. Told from the point of view of their video camera, the film is a document of their attempt to survive the most surreal, horrifying event of their lives.",29.625,https://image.tmdb.org/t/p/original//qIegUGJqyMMCRjkKV1s7A9MqdJ8.jpg,Some thing has found us.,"Action, Thriller, Science Fiction",Bad Robot,United States of America,"Russian, English"
65ef3f32675dde801085335b,6023,P.S. I Love You,7.19,3124,Released,2007-11-15T00:00:00.000Z,156835339,126,FALSE,/7JrXKA5vkyqITySzbx8iZB89ivk.jpg,30000000,https://www.warnerbros.com/ps-i-love-you,tt0431308,en,P.S. I Love You,A young widow discovers that her late husband has left her 10 messages intended to help ease her pain and start a new life.,28.691,https://image.tmdb.org/t/p/original//bZlRZKBOR6cC8L35BgGoh4hJ63F.jpg,"His life ended. Now, a new one will begin.","Drama, Romance","Wendy Finerman Productions, Alcon Entertainment, Warner Bros. Pictures, Grosvenor Park Films LLP, Summit Entertainment",United States of America,English
65ef3f30675dde8010852f67,50646,"Crazy, Stupid, Love.",7.3,7773,Released,2011-07-29T00:00:00.000Z,145079584,118,FALSE,/d7BzfMl7vtNAtXIBmS8oWzo5pVe.jpg,50000000,http://crazystupidlove.warnerbros.com/index.html,tt1570728,en,"Crazy, Stupid, Love.","Cal Weaver is living the American dream. He has a good job, a beautiful house, great children and a beautiful wife, named Emily. Cal's seemingly perfect life unravels, however, when he learns that Emily has been unfaithful and wants a divorce. Over 40 and suddenly single, Cal is adrift in the fickle world of dating. Enter, Jacob Palmer, a self-styled player who takes Cal under his wing and teaches him how to be a hit with the ladies.",39.835,https://image.tmdb.org/t/p/original//p4RafgAPk558muOjnBMHhMArjS2.jpg,This is crazy. This is stupid. This is love.,"Comedy, Drama, Romance",Warner Bros. Pictures,United States of America,English
65ef3f39675dde8010854360,9062,Love Story,6.75,618,Released,1970-12-16T00:00:00.000Z,136400000,99,FALSE,/sIOIhwdWqplSpq62f1uP8yUpS2r.jpg,2200000,,tt0066011,en,Love Story,"Harvard Law student Oliver Barrett IV and music student Jennifer Cavilleri share a chemistry they cannot deny - and a love they cannot ignore. Despite their opposite backgrounds, the young couple put their hearts on the line for each other. When they marry, Oliver's wealthy father threatens to disown him. Jenny tries to reconcile the Barrett men, but to no avail.",18.411,https://image.tmdb.org/t/p/original//yCjADq9fwbdPnxMo0DKNeRGZ4YC.jpg,Love means never having to say you’re sorry.,"Romance, Drama","Paramount, Love Story Company",United States of America,English
65ef3f95675dde80108620c6,723640,My Love,6.8,14,Released,2021-04-30T00:00:00.000Z,114000000,115,FALSE,/nfHWXTGDakS5Yk9tf57RCAiHML5.jpg,0,,tt14503918,zh,你的婚礼,"Tells the 15-year love story between Zhou Xiao Qi, a long-time swimming student and You Yong Ci, a transfer student. In high school, Zhou Xiao Qi fell in love at first sight with You Yong Ci. A young and ignorant pure love, the boy silently guarded, but the girl left without saying goodbye. Life after that, 15 years of love long-distance race. Your wedding is also my coming-of-age gift.",6.135,https://image.tmdb.org/t/p/original//2nsoI0iS0ToExEvIoKIR9G9NSSy.jpg,,"Romance, Drama",,China,Mandarin
65ef3f3b675dde8010854535,12150,Sea of Love,6.605,553,Released,1989-09-15T00:00:00.000Z,110879513,113,FALSE,/zhFyaUVaQsDRDZUyOJKc2ETPlB9.jpg,19000000,,tt0098273,en,Sea of Love,"Seen-it-all New York detective Frank Keller is unsettled - he has done twenty years on the force and could retire, and he hasn't come to terms with his wife leaving him for a colleague. Joining up with an officer from another part of town to investigate a series of murders linked by the lonely hearts columns he finds he is getting seriously and possibly dangerously involved with Helen, one of the main suspects.",12.452,https://image.tmdb.org/t/p/original//vJ88WmJ12eAK9CRb3cggn9CJthH.jpg,Deception is dangerous. Desire is deadly.,"Crime, Drama, Romance, Mystery, Thriller",Universal Pictures,United States of America,English
65ef3f30675dde8010852f94,333371,10 Cloverfield Lane,6.981,7377,Released,2016-03-10T00:00:00.000Z,110216998,104,FALSE,/5uLqjVQlKNR4MbOeuheaRihPxAx.jpg,15000000,http://www.10cloverfieldlane.com/,tt1179933,en,10 Cloverfield Lane,"After getting in a car accident, a woman is held in a shelter with two men, who claim the outside world is affected by a widespread chemical attack.",27.817,https://image.tmdb.org/t/p/original//84Dhwz93vCin6T1PX6ctSvWEuNE.jpg,Monsters come in many forms.,"Thriller, Science Fiction, Drama, Horror",Bad Robot,United States of America,English
65ef3f30675dde801085313d,43347,Love & Other Drugs,7.037,4717,Released,2010-11-22T00:00:00.000Z,102820008,112,FALSE,/mcSQa6hyBY3kLj0Eaey2K1Ev852.jpg,30000000,,tt0758752,en,Love & Other Drugs,"Maggie is an alluring free spirit who won't let anyone – or anything – tie her down. But she meets her match in Jamie, whose relentless and nearly infallible charm serves him well with the ladies and the cutthroat world of pharmaceutical sales. Maggie and Jamie's evolving relationship takes them both by surprise, as they find themselves under the influence of the ultimate drug: love.",45.032,https://image.tmdb.org/t/p/original//wZLM2uKJRYNchLmiCIjosX0rXy8.jpg,Addicted to one-night stands or dependent on one another?,"Drama, Comedy, Romance","Fox 2000 Pictures, Regency Enterprises, New Regency Pictures, Stuber Productions, Bedford Falls Productions, Dune Entertainment, 20th Century Fox",United States of America,English
65ef3f30675dde80108531a8,7980,The Lovely Bones,7.072,4242,Released,2009-12-26T00:00:00.000Z,93621340,136,FALSE,/xXWmDLMnAKcXAiRyOhV4PwuEe9t.jpg,65000000,http://www.lovelybones.com,tt0380510,en,The Lovely Bones,"After being brutally murdered, 14-year-old Susie Salmon watches from heaven over her grief-stricken family -- and her killer. As she observes their daily lives, she must balance her thirst for revenge with her desire for her family to heal.",32.51,https://image.tmdb.org/t/p/original//sn0iDphRxQ7I6aLd9igIgACITak.jpg,The story of a life and everything that came after...,"Fantasy, Drama","WingNut Films, DreamWorks Pictures, Film4 Productions","United Kingdom, New Zealand, United States of America",English
65ef3f34675dde801085386c,16538,"I Love You, Man",6.545,1552,Released,2009-03-20T00:00:00.000Z,91980359,105,FALSE,/jto7IHuIqJPPNOny3QsIYbT8EHs.jpg,41000000,http://www.iloveyouman.com/,tt1155056,en,"I Love You, Man","Peter Klaven is a successful real estate agent who, upon getting engaged to the woman of his dreams, Zooey, discovers, to his dismay and chagrin, that he has no male friend close enough to serve as his Best Man. Peter immediately sets out to rectify the situation, embarking on a series of bizarre and awkward ""man-dates.""",22.154,https://image.tmdb.org/t/p/original//ewGJfCkBkLV4naw1WKqO301bHh2.jpg,He needed a best man... He got the worst.,"Comedy, Romance","The Montecito Picture Company, De Line Pictures, Bernard Gayle Productions",United States of America,English
65ef3f32675dde8010853442,657,From Russia with Love,7.072,2689,Released,1963-10-10T00:00:00.000Z,78900000,115,FALSE,/8JMiQa0OqsCYvbNUrQIrMzwV7g2.jpg,2500000,https://www.mgm.com/movies/from-russia-with-love,tt0057076,en,From Russia with Love,"Agent 007 is back in the second installment of the James Bond series, this time battling a secret crime organization known as SPECTRE. Russians Rosa Klebb and Kronsteen are out to snatch a decoding device known as the Lektor, using the ravishing Tatiana to lure Bond into helping them. Bond willingly travels to meet Tatiana in Istanbul, where he must rely on his wits to escape with his life in a series of deadly encounters with the enemy.",27.531,https://image.tmdb.org/t/p/original//2jUOA4mUm2W7jP61DFeZ77kH0sA.jpg,The world's masters of murder pull out all the stops to destroy Agent 007!,"Action, Thriller, Adventure","United Artists, Eon Productions, Danjaq","United Kingdom, United States of America","English, Russian, Turkish, Romanian"
65ef3f34675dde80108536ab,81836,To Rome with Love,5.773,1891,Released,2012-04-20T00:00:00.000Z,73244881,111,FALSE,/l6kiBvruMr5qPsTyv853jIlj2pv.jpg,17000000,https://www.sonyclassics.com/toromewithlove/,tt1859650,en,To Rome with Love,"Four tales unfold in the Eternal City: While vacationing in Rome, architect John encounters a young man whose romantic woes remind him of a painful incident from his own youth; retired opera director Jerry discovers a mortician with an amazing voice, and he seizes the opportunity to rejuvenate his own flagging career; a young couple have separate romantic interludes; a spotlight shines on an ordinary man.",15.847,https://image.tmdb.org/t/p/original//zQvitRPoq0UdoNrFZR0xQBvQIf6.jpg,,"Comedy, Romance","Mediapro, Perdido Productions, Medusa Film, Gravier Productions, Sony Pictures Classics, Focus Features","Italy, Spain, United States of America","Italian, English"
65ef423e675dde80108e94e2,1128330,"My Lover, Desire",0,0,Released,,69000000,4,FALSE,/jprAaUjb1d0pEWL6H8QzelY4gwf.jpg,5,,,en,"My Lover, Desire","A man is secure in his relationship and skin, until his partner appears to long for more than his love.",0.6,https://image.tmdb.org/t/p/original//nPvWolf4FokzoMLv0XPvou26Y0U.jpg,my heart is yours,Romance,,,English
65ef3f30675dde801085306d,449176,"Love, Simon",8.041,5748,Released,2018-02-16T00:00:00.000Z,66316289,110,FALSE,/5VF2y1KyrrAL2WAX47odZ7TdelT.jpg,17000000,https://LoveSimonMovie.com,tt5164432,en,"Love, Simon",Everyone deserves a great love story. But for seventeen-year old Simon Spier it's a little more complicated: he's yet to tell his family or friends he's gay and he doesn't know the identity of the anonymous classmate he's fallen for online.,19.843,https://image.tmdb.org/t/p/original//5YUYg5q7QfC4IoNwNUtiwdiYKPr.jpg,Everyone deserves a great love story.,"Comedy, Drama, Romance","Temple Hill Entertainment, Fox 2000 Pictures, New Leaf Literary & Media, 20th Century Fox, Twisted Media",United States of America,English
65ef3f54675dde8010857af6,438058,Case Closed: The Crimson Love Letter,6.477,87,Released,2017-04-15T00:00:00.000Z,63147576,112,FALSE,/vlMpDFtFT0qh2XtkizpjhxvJfXc.jpg,0,https://www.tms-e.co.jp/global/alltitles/conan/087321.html,tt5692622,ja,名探偵コナン から紅の恋歌,"Bombing case at Nichiuri TV in autumn. The Satsuki Cup, which crowns the winner of Japan's Hyakunin Isshu, is currently being filmed inside the facility. The incident results in a big commotion and, while the building is burning to ashes, the only people left inside are Hattori and Toyama Kazuha. They get rescued just in time by Conan , who rushes to the scene. Both the identity and purposes of the bomber are unknown.",11.674,https://image.tmdb.org/t/p/original//jj2bDnXgwL9BlmZSdhd6N73HqNM.jpg,In the game of death... Conan's holding all the cards!,"Animation, Action, Crime, Mystery, Adventure","TMS Entertainment, TOHO, Shogakukan, Yomiuri Telecasting Corporation, Nippon Television Network Corporation, Shogakukan-Shueisha Productions",Japan,Japanese
65ef3f30675dde801085304f,10555,Shark Tale,6.023,5923,Released,2004-09-20T00:00:00.000Z,367275019,90,FALSE,/7ZmZxar3bYORcl0TPA4oceyxcaE.jpg,75000000,tt0307453,en,Shark Tale,"Oscar is a small fish whose big aspirations often get him into trouble. Meanwhile, Lenny is a great white shark with a surprising secret that no sea creature would guess: He's a vegetarian. When a lie turns Oscar into an improbable hero and Lenny becomes an outcast, the two form an unlikely friendship.",42.747,https://image.tmdb.org/t/p/original//r08DpyPyhXcJTfNZAICNGMzcQ8l.jpg,Behind every little fish is a great white lie.,"Animation, Action, Comedy, Family","DreamWorks Animation, DreamWorks Pictures",United States of America,English,
65ef3f36675dde80108539a4,14199,The Adventures of Sharkboy and Lavagirl,5.147,1370,Released,2005-06-10T00:00:00.000Z,71992655,92,FALSE,/lxhlZID5mspgUL6cirofkretS7k.jpg,50000000,tt0424774,en,The Adventures of Sharkboy and Lavagirl,"Everyone always knew that Max had a wild imagination, but no one believed that his wildest creations -- a boy raised by watchful great white sharks and a girl with the force of a volcano -- were real. Now, these two pint-sized action masters will show Max that even an ordinary kid has what it takes to be extraordinary.",28.484,https://image.tmdb.org/t/p/original//wyXPANZMYYbKh8Ic8qFLqMkolyV.jpg,Smaller heroes. Just as super.,"Adventure, Family, Science Fiction",Troublemaker Studios,United States of America,English,http://www.miramax.com/movie/the-adventures-of-sharkboy-and-lavagirl/
65ef3f56675dde8010857c57,14664,Sharky's Machine,6.012,85,Released,1981-12-18T00:00:00.000Z,35610100,122,FALSE,/dL9ECPE6q3v79cxXxHv9WV1ufLU.jpg,17500000,tt0083064,en,Sharky's Machine,"Police officer Tom Sharky gets busted back to working vice, where he happens upon a scandalous conspiracy involving a local politician. Sharky's new 'machine' gathers evidence while Sharky falls in love with a woman he has never met.",7.509,https://image.tmdb.org/t/p/original//gjGK3ZWTbiVkWVVklqtGqF1o4Cn.jpg,"If you mess with a cop like Sharky, you better be very tough . . . or very beautiful.","Crime, Drama, Action, Thriller","Deliverance Productions, Warner Bros. Pictures",United States of America,English,
65ef3f3b675dde80108547a5,65055,Shark Night 3D,4.904,478,Released,2011-09-02T00:00:00.000Z,10126458,91,FALSE,/6crByV9HyFBEymmJS3A4Y1gKz2W.jpg,28000000,tt1633356,en,Shark Night 3D,A weekend at a lake house in the Louisiana Gulf turns into a nightmare for seven vacationers as they are subjected to fresh-water shark attacks.,16.38,https://image.tmdb.org/t/p/original//cjfRqUXtNc2iJHfP60HTq9nFs0.jpg,Terror runs deep.,"Thriller, Horror","Incentive Filmed Entertainment, Rogue Pictures, Relativity Media, Sierra/Affinity, Silverwood Films, Next Entertainment",United States of America,English,http://www.iamrogue.com/sharknight3d/fullsite/index.html
65ef3f44675dde80108552b4,20306,Swimming with Sharks,6.617,278,Released,1994-09-10T00:00:00.000Z,382928,93,FALSE,/9g9PAn7kciQhzdbjfPmDeXjaWix.jpg,700000,tt0114594,en,Swimming with Sharks,"Guy is a young film executive who's willing to do whatever it takes to make it in Hollywood. He begins working for famed producer Buddy Ackerman, a domineering, manipulative, coldhearted boss. When Guy also finds out that his cynical girlfriend, Dawn, has been using sex as a career move, he reaches his limit. Guy decides to exact revenge on Buddy by kidnapping him and subjecting him to cruel and unusual punishment.",9.171,https://image.tmdb.org/t/p/original//eMRiIJIEyMLjWjktIqjNfzs9jGX.jpg,In Hollywood his dreams could come true. But first he has to make coffee.,"Crime, Comedy","Trimark Pictures, Cineville",United States of America,English,
65ef436d675dde8010921d06,770475,Food For The Sharks,0,0,Released,1982-02-19T00:00:00.000Z,302000,91,FALSE,,0,tt0083963,cn,鲨鱼烧卖,,0.686,https://image.tmdb.org/t/p/original//f24bQD4P9n1ZARLZBZOdD2mUciW.jpg,,Comedy,Fotocine Film Production Limited,Hong Kong,Cantonese,
65ef3fb2675dde8010866c32,776553,Playing with Sharks,7.8,9,Released,2021-06-05T00:00:00.000Z,61404,95,FALSE,/7jazbhWygLE7RuNCcbHXGNGwO2.jpg,0,tt11226258,en,Playing with Sharks,"Valerie Taylor is a shark fanatic and an Australian icon – a marine maverick who forged her way as a fearless diver, cinematographer and conservationist. She filmed the real sharks for Jaws and famously wore a chainmail suit, using herself as shark bait, changing our scientific understanding of sharks forever.",2.502,https://image.tmdb.org/t/p/original//nAmdfySgolOAXNYhIpJDFdA7wJx.jpg,,Documentary,"National Geographic, WildBear Entertainment, National Geographic Documentary Films",Australia,English,https://www.disneyplus.com/movies/playing-with-sharks/anRDLKTZ5azV
65ef3f45675dde80108557df,17911,Mega Shark vs. Giant Octopus,3.825,228,Released,2009-05-19T00:00:00.000Z,722,90,FALSE,/t3syHoTC2AL42SmKIR1bJeK5oBP.jpg,0,tt1350498,en,Mega Shark vs. Giant Octopus,The California coast is terrorized by two enormous prehistoric sea creatures as they battle each other for supremacy of the sea.,12.831,https://image.tmdb.org/t/p/original//cQsfCkWxK8j9MLrA4ydSMWB2Cpb.jpg,Winner... Eats... All!,"Horror, Science Fiction","The Asylum, Giant Seafood",United States of America,English,
65ef3f5c675dde8010858cc4,407620,Planet of the Sharks,3.6,62,Released,2016-07-27T00:00:00.000Z,6,85,FALSE,/d3fAR9lW5Jc4FBNhAGKvDWpiBlY.jpg,5,tt5828640,en,Planet of the Sharks,"In the near future, glacial melting has covered 98% of earth's landmass. Sharks have flourished and now dominate the planet, operating as one massive school led by a mutated alpha shark.",8.713,https://image.tmdb.org/t/p/original//54hwLfOJONjqOFxGlEixpOHeEnx.jpg,WHEN THE WORLD FLOODS WITH WATER ONE SPECIES RISES TO THE TOP,"Action, Horror, Science Fiction","Syfy, The Asylum",United States of America,English,
65ef410c675dde80108a566c,787019,50 Shades of Sharks,6,1,Released,2020-07-17T00:00:00.000Z,0,44,FALSE,/hiq3ChoMbPTSvq6oDmVMROBxJkp.jpg,0,,en,50 Shades of Sharks,"Exploring the private lives of sharks as they hunt, rest, clean and reproduce.",0.975,https://image.tmdb.org/t/p/original//h6vjcHtjhucNc8v4Mm2PGUvaWFv.jpg,,"Documentary, TV Movie",National Geographic,United States of America,English,
65ef432d675dde801091637b,383411,1978 NSWRFL Grand Final: Sea Eagles vs Sharks,0,0,Released,1978-09-16T00:00:00.000Z,0,120,FALSE,,0,,en,1978 NSWRFL Grand Final: Sea Eagles vs Sharks,"In the Grand Final, Cronulla went to a 9-4 lead in the second half before Manly came back to hit the front 11-9. A Steve Rogers penalty squared it at 11-all but he then missed a desperate late field-goal attempt and at full-time the scores remained locked. For the second consecutive season the weary Grand Finalists were required to play a mid-week rematch three days later (the NSWRFL were forced to play the replay on the Tuesday and not the following weekend due to the upcoming 1978 Kangaroo tour, with the Australian team due to leave that weekend for their tour. The drawn GF also forced the Australian Rugby League to hold off on naming the touring squad until after the GF replay with as many as 12 players from Manly and Cronulla in contention to be selected).",0.6,,,,,,,https://en.wikipedia.org/wiki/1978_NSWRFL_season
65ef3f89675dde8010860341,530838,700 Sharks,6.353,17,Released,2018-06-09T00:00:00.000Z,0,92,FALSE,/sc5P2pLglxgj7hVTbsiDmD1cqM3.jpg,0,tt10564814,fr,700 Requins dans la Nuit,"Imagine diving into the ocean only to discover that you are surrounded by one of the largest shark frenzies on the planet. Well, that is exactly what these researchers did in the name of science. In Polynesia, the largest school of sharks — about 700 — patrols the waters en masse. Follow an international team of scientists as they study these magnificent creatures at night, when they are most aggressive, to discover their mysterious hunting strategies and social behaviours. The result: incredible new behaviours never seen before, or caught on camera.",2.12,https://image.tmdb.org/t/p/original//wH1DOLpx1S6QXIc3ehDIPEOVBdV.jpg,Ballesta and his team make the unseen visible.,Documentary,"ARTE, Le Cinquième Rêve, Andromède Océanologie, LGB, CNRS Images, Filmin Tahiti",France,"French, German",https://gombessa-expeditions.com/gombessa-4/
65ef3f52675dde8010857710,460218,5 Headed Shark Attack,4.253,95,Released,2017-07-10T00:00:00.000Z,0,90,FALSE,/5B9VsZwhulX88aj1VZfe41h2ykY.jpg,0,tt6719524,en,5 Headed Shark Attack,"A beautiful island is home to thousands of species of aquatic life. Now there is a new species: the 5-Headed Shark is all heads and teeth. Shaped like a demented starfish, this monster terrorizes the open ocean before invading the beaches of Puerto Rico, endangering the once peaceful island paradise.",7.801,https://image.tmdb.org/t/p/original//gi2mlvKKpbbXP1DwBUQAc8XGBgP.jpg,YOU CAN'T SURVIVE THE FIVE!,"Horror, Science Fiction",The Asylum,United States of America,English,
65ef432d675dde8010916345,383385,1978 NSWRFL Grand Final: Manly Warringah Sea Eagles vs Cronulla Sutherland Sharks (Replay),0,0,Released,1978-09-19T00:00:00.000Z,0,120,FALSE,,0,,en,1978 NSWRFL Grand Final: Manly Warringah Sea Eagles vs Cronulla Sutherland Sharks (Replay),"The Tuesday rematch in front of 33,552 was Manly's sixth game in twenty-four days. It was the second Grand Final in a row to end up going into a mid-week replay with the 1977 Grand Final between St George and Parramatta also needing a re-match to decide the Premiers after the original game had been a 9-all draw.",0.6,,,,,,,https://en.wikipedia.org/wiki/1978_NSWRFL_season
65ef3f57675dde80108582df,522438,6-Headed Shark Attack,4.8,75,Released,2018-08-18T00:00:00.000Z,0,89,FALSE,/n0lRst3H7o82lGHdL3Rh1oiJJLZ.jpg,0,tt8360902,en,6-Headed Shark Attack,"What is supposed to be a marriage boot camp on a remote island turns into the ultimate test for survival when a 6-headed shark starts attacking the beach. Trapped with minimal weapons they try to fight off the shark, but quickly discover that no one is safe in the water or on land.",9.698,https://image.tmdb.org/t/p/original//fS37m9pRBG0QYTeCEtzNBVVVL3H.jpg,DON'T MIX WITH THE SIX!,"Horror, Action, Science Fiction, TV Movie",The Asylum,United States of America,English,
65ef40fb675dde80108a220c,383027,1973 NSWRFL Grand Final: Manly Warringah Sea Eagles Vs Cronulla Sutherland Sharks,2,1,Released,1973-09-15T00:00:00.000Z,0,120,FALSE,,0,,en,1973 NSWRFL Grand Final: Manly Warringah Sea Eagles Vs Cronulla Sutherland Sharks,"After Cronulla-Sutherland's 14-4 loss in the major semi-final, Manly-Warringah expected the Sharks would be fired up for the Grand Final. And they were. Ian Heads wrote in the Sunday Telegraph the next day that It was a Grand Final as tough and dirty as any bar-room brawl. Alan Clarkson wrote in the Sun Herald The fare served up in the first half belonged in the Colosseum. The first half was not how the game's administrators would have wished to show-case rugby league, every tackle was loaded with menace and meant to damage. But from the melee Bob Fulton emerged and showed his unrivalled skill. Heads and Clarkson wrote of his ""towering genius"" and ""football brilliance"" respectively.",0.6,,,,,,,https://en.wikipedia.org/wiki/1973_NSWRFL_season
65ef410a675dde80108a50d1,1212739,"700 Sharks (Gombessa 4, Genesis)",10,1,Released,2016-01-01T00:00:00.000Z,0,27,FALSE,/3TtXDzouy7HuQ9UfMdNKAdmSRCK.jpg,0,,fr,"700 requins dans la nuit  (Gombessa 4, la genèse)","Originally, in 2014, Laurent Ballesta had just one precise objective: to unravel the mystery of groupers. To understand the issues involved in their collective reproduction. But although focused on the study of groupers, the real surprise came from the sharks. Never before had the team been confronted with such a density of grey reef sharks. The divers took up the challenge of counting them. Methodically, they repeated the operation many times to arrive at the impressive figure of 700 grey reef sharks.  Each year, the team returned to the southern pass of Fakarava in French Polynesia. Until 2019, for the fourth expedition, ""Gombessa 4"" is the synthesis of precise and unique scientific protocols. The mission demonstrated that shark hunts are not anarchic, but rely in part on social organization within the horde, following in the footsteps of the 700 grey sharks in ""700 sharks in the night (Gombessa 4, Genesis)"".",0,https://image.tmdb.org/t/p/original//xd4ROPAXukbaWn56wapdLq4GxYV.jpg,"For the fourth expedition, in the southern pass of Fakarava in French Polynesia for Gombessa 4, Genesis",Documentary,"Andromède Océanologie, Les Gens Bien Production",France,French,
65ef4267675dde80108f19b6,1121144,0009: The Sharks Make Contact,0,0,Released,2020-09-16T00:00:00.000Z,0,133,FALSE,/umQMMMRgBfjs7SL9fUHvtAUL4GR.jpg,10,tt9811798,en,0009: The Sharks Make Contact,"In the sharks' second adventure, a shark's refusal to return a glass of pesto leads to a terrorist crisis.",0.6,https://image.tmdb.org/t/p/original//6tOBlp0XoJXGA5PfWuvPzZzqkp1.jpg,Experience a movie featuring motion in color,"Animation, Comedy, Music",Ènèng Studios,,"English, Swedish",
65ef432d675dde8010916379,383409,1973 NSWRFL Grand Final: Sea Eagles vs Sharks,0,0,Released,1973-09-15T00:00:00.000Z,0,120,FALSE,,0,,en,1973 NSWRFL Grand Final: Sea Eagles vs Sharks,"After Cronulla-Sutherland's 14-4 loss in the major semi-final, Manly-Warringah expected the Sharks would be fired up for the Grand Final. And they were. Ian Heads wrote in the Sunday Telegraph the next day that It was a Grand Final as tough and dirty as any bar-room brawl.[3] Alan Clarkson wrote in the Sun Herald The fare served up in the first half belonged in the Colosseum.[4] The first half was not how the game's administrators would have wished to show-case rugby league, every tackle was loaded with menace and meant to damage. But from the melee Bob Fulton emerged and showed his unrivalled skill. Heads and Clarkson wrote of his ""towering genius"" and ""football brilliance"" respectively.",0.6,,,,,,,https://en.wikipedia.org/wiki/1973_NSWRFL_season
65ef4332675dde8010916ee1,389833,2005 NRL - Round 21 - Tigers v Sharks,0,0,Released,2005-07-31T00:00:00.000Z,0,59,FALSE,,0,,en,2005 NRL - Round 21 - Tigers v Sharks,"The Tigers run riot at Cronulla's home ground, eventually winning 46-6 . Played at Endeavour Field, Cronulla July 31, 2015.",0.6,,,,,,,
65ef3f30675dde8010853199,15512,Monsters vs Aliens,6.2,4280,Released,2009-03-19T00:00:00.000Z,381509870,94,FALSE,/gUIyXIjQIFlmeXVcmVDAaKhhk04.jpg,175000000,http://www.monstersvsaliens.com/,tt0892782,en,Monsters vs Aliens,"When Susan Murphy is unwittingly clobbered by a meteor full of outer space gunk on her wedding day, she mysteriously grows to 49-feet-11-inches. The military jumps into action and captures Susan, secreting her away to a covert government compound. She is renamed Ginormica and placed in confinement with a ragtag group of Monsters...",31.569,https://image.tmdb.org/t/p/original//hpHarddVj34j53T7NsoUGdKj4mP.jpg,"When aliens attack, monsters fight back.","Animation, Family, Adventure, Science Fiction","DreamWorks Animation, Paramount",United States of America,English
65ef3f30675dde8010852f61,126889,Alien: Covenant,6.1,7822,Released,2017-05-09T00:00:00.000Z,240891763,122,FALSE,/6jajFcaY2YsfGQstJ5HaqZNVseX.jpg,97000000,https://www.20thcenturystudios.com/movies/alien-covenant,tt2316204,en,Alien: Covenant,"Bound for a remote planet on the far side of the galaxy, the crew of the colony ship 'Covenant' discovers what is thought to be an uncharted paradise, but is actually a dark, dangerous world—which has a sole inhabitant: the 'synthetic', David, survivor of the doomed Prometheus expedition.",92.533,https://image.tmdb.org/t/p/original//zecMELPbU5YMQpC81Z8ImaaXuf9.jpg,The path to paradise begins in hell.,"Science Fiction, Horror, Mystery","Scott Free Productions, Brandywine Productions, 20th Century Fox","United Kingdom, United States of America","English, German"
65ef3f30675dde8010852f25,679,Aliens,7.933,8758,Released,1986-07-18T00:00:00.000Z,183316455,137,FALSE,/jMBpJFRtrtIXymer93XLavPwI3P.jpg,18500000,https://www.20thcenturystudios.com/movies/aliens,tt0090605,en,Aliens,"When Ripley's lifepod is found by a salvage crew over 50 years later, she finds that terra-formers are on the very planet they found the alien species. When the company sends a family of colonists out to investigate her story—all contact is lost with the planet and colonists. They enlist Ripley and the colonial marines to return and search for answers.",49.209,https://image.tmdb.org/t/p/original//r1x5JGpyqZU8PYhbs4UcrO1Xb6x.jpg,This time it's war.,"Action, Thriller, Science Fiction","Brandywine Productions, SLM Production Group, 20th Century Fox",United States of America,English
65ef3f32675dde80108531f4,395,AVP: Alien vs. Predator,5.9,3999,Released,2004-08-12T00:00:00.000Z,177427090,101,FALSE,/tOvoWzkUzCMJ8Ra5nkmNg7ehCET.jpg,70000000,https://www.20thcenturystudios.com/movies/alien-vs-predator,tt0370263,en,AVP: Alien vs. Predator,"When scientists discover something in the Arctic that appears to be a buried Pyramid, they send a research team out to investigate. Little do they know that they are about to step into a hunting ground where Aliens are grown as sport for the Predator race.",29.36,https://image.tmdb.org/t/p/original//ySWu5bCnnmgV1cVacvFnFIhgOjp.jpg,Whoever wins... We lose,"Adventure, Science Fiction, Action, Horror","Revolution Sun Studios, Impact Pictures, Studio Babelsberg, Davis Entertainment, Stillking Films, Brandywine Productions, Lonlink Productions, Kut Productions, Inside Track Films, Charenton Productions Limited, 20th Century Fox","Czech Republic, Germany, United Kingdom, United States of America","Italian, English"
65ef3f30675dde801085313a,49849,Cowboys & Aliens,5.588,4718,Released,2011-07-29T00:00:00.000Z,174822325,119,FALSE,/f1jJPQ0RhgSOOfBprCJd9ZJMbet.jpg,163000000,http://www.cowboysandaliensmovie.com/,tt0409847,en,Cowboys & Aliens,"A stranger stumbles into the desert town of Absolution with no memory of his past and a futuristic shackle around his wrist. With the help of mysterious beauty Ella and the iron-fisted Colonel Dolarhyde, he finds himself leading an unlikely posse of cowboys, outlaws, and Apache warriors against a common enemy from beyond this world in an epic showdown for survival.",26.069,https://image.tmdb.org/t/p/original//9uZsGCP4rvOHVGCpMpYq5gNCuNI.jpg,First Contact. Last Stand.,"Action, Science Fiction, Thriller, Western","DreamWorks Pictures, Universal Pictures, Reliance Entertainment, Relativity Media, Imagine Entertainment, K/O Paper Products, Fairview Entertainment, Platinum Studios","India, United States of America",English
65ef3f30675dde8010853180,8078,Alien Resurrection,6.131,4378,Released,1997-11-12T00:00:00.000Z,162000000,109,FALSE,/ikr0UILfvRerzMNoBTtJtyuWAEV.jpg,70000000,https://www.20thcenturystudios.com/movies/alien-resurrection,tt0118583,en,Alien Resurrection,"Two hundred years after Lt. Ripley died, a group of scientists clone her, hoping to breed the ultimate weapon. But the new Ripley is full of surprises … as are the new aliens. Ripley must team with a band of smugglers to keep the creatures from reaching Earth.",31.359,https://image.tmdb.org/t/p/original//9aRDMlU5Zwpysilm0WCWzU2PCFv.jpg,It's already too late.,"Science Fiction, Horror, Action","Brandywine Productions, 20th Century Fox",United States of America,English
65ef3f30675dde80108530ff,8077,Alien³,6.4,5066,Released,1992-05-22T00:00:00.000Z,159773545,114,FALSE,/nEmOmbCWBXS3tHU2N49z693KDK.jpg,50000000,https://www.20thcenturystudios.com/movies/alien-3,tt0103644,en,Alien³,"After escaping with Newt and Hicks from the alien planet, Ripley crash lands on Fiorina 161, a prison planet and host to a correctional facility. Unfortunately, although Newt and Hicks do not survive the crash, a more unwelcome visitor does. The prison does not allow weapons of any kind, and with aid being a long time away, the prisoners must simply survive in any way they can.",28.981,https://image.tmdb.org/t/p/original//xh5wI0UoW7DfS1IyLy3d2CgrCEP.jpg,The bitch is back.,"Science Fiction, Action, Horror","Brandywine Productions, 20th Century Fox","United Kingdom, United States of America",English
65ef3f32675dde801085348c,440,Aliens vs Predator: Requiem,5.2,2588,Released,2007-12-25T00:00:00.000Z,130290885,94,FALSE,/y8yvIrmoM2PLuJcSto7OmOfsXQj.jpg,40000000,http://www.avp-r.com/,tt0758730,en,Aliens vs Predator: Requiem,"The iconic creatures from two of the scariest film franchises in movie history wage their most brutal battle ever—in our own backyard. The small town of Gunnison, Colorado becomes a war zone between two of the deadliest extra-terrestrial life forms—the Alien and the Predator. When a Predator scout ship crash-lands in the hills outside the town, Alien Facehuggers and a hybrid Alien/Predator are released and begin to terrorize the town.",47.165,https://image.tmdb.org/t/p/original//jCyJN1vj8jqJJ0vNw4hDH2KlySO.jpg,"In space, no one can hear you scream. On Earth, it won't matter.","Fantasy, Action, Science Fiction, Thriller, Horror","Dune Entertainment, Davis Entertainment, Brandywine Productions, 20th Century Fox",United States of America,English
65ef3f30675dde8010852e5a,348,Alien,8.147,13206,Released,1979-05-25T00:00:00.000Z,104931801,117,FALSE,/AmR3JG1VQVxU8TfAvljUhfSFUOx.jpg,11000000,https://www.20thcenturystudios.com/movies/alien,tt0078748,en,Alien,"During its return to the earth, commercial spaceship Nostromo intercepts a distress signal from a distant planet. When a three-member team of the crew discovers a chamber containing thousands of eggs on the planet, a creature inside one of the eggs attacks an explorer. The entire crew is unaware of the impending nightmare set to descend upon them when the alien parasite planted inside its unfortunate host is birthed.",72.767,https://image.tmdb.org/t/p/original//vfrQk5IPloGg1v9Rzbh2Eg3VGyM.jpg,In space no one can hear you scream.,"Horror, Science Fiction","Brandywine Productions, 20th Century Fox","United States of America, United Kingdom","English, Spanish"
65ef3f37675dde8010853dff,20856,Aliens in the Attic,5.674,930,Released,2009-07-30T00:00:00.000Z,57881056,86,FALSE,/zsqfhpnl4sZ3aGUufJUsNDxXXZv.jpg,45000000,http://www.aliensintheatticmovie.com/,tt0775552,en,Aliens in the Attic,A group of kids must protect their vacation home from invading aliens.,20.099,https://image.tmdb.org/t/p/original//gjDfPcKcxdJlJkK6pgHrwDfSG3O.jpg,The aliens vs. the Pearsons,"Adventure, Comedy, Family, Fantasy, Science Fiction","Regency Enterprises, Josephson Entertainment, Dune Entertainment, 20th Century Fox","Canada, United States of America",English
65ef3f44675dde8010855383,10128,Alien Nation,6.039,269,Released,1988-10-07T00:00:00.000Z,32155047,91,FALSE,/npNbRiUGU29nz464ERJiAkxH997.jpg,16000000,,tt0094631,en,Alien Nation,"A few years from now, Earth will have the first contact with an alien civilization. These aliens, known as Newcomers, slowly begin to be integrated into human society after years of quarantine.",8.887,https://image.tmdb.org/t/p/original//2wEyQkFXX6ReyW44YQa1kLQYkCg.jpg,Prepare Yourself.,"Science Fiction, Crime, Thriller","American Entertainment Partners II L.P., 20th Century Fox",United States of America,English
65ef3f39675dde80108541c2,13092,How to Lose Friends & Alienate People,5.978,690,Released,2008-10-02T00:00:00.000Z,17286299,110,FALSE,/1ZEWIbOqHfxjB2YAfL3QO8Rp3M6.jpg,27000000,,tt0455538,en,How to Lose Friends & Alienate People,"Sidney Young is a down-on-his-luck journalist. Thanks to a stint involving a pig and a glitzy awards ceremony, Sidney turns his fortunes around, attracting the attention of Clayton Harding, editor of New York-based glossy magazine 'Sharps', and landing the holy grail of journalism jobs. The Brit jets off to the Big Apple and moves from one blunder to the next.",10.883,https://image.tmdb.org/t/p/original//8Xd1mO861aK2OirTbxZrODNhihW.jpg,"He's across the pond, and out of his depth.","Comedy, Romance, Drama","UK Film Council, Intandem Films, Number 9 Films, Aramid Entertainment Fund, Lipsync Productions, Film4 Productions",United Kingdom,English
65ef3f3b675dde8010854804,12120,My Stepmother Is an Alien,5.683,467,Released,1988-12-09T00:00:00.000Z,13854000,108,FALSE,/ufEfaCjO8KDFk1frQbueoVd1s8z.jpg,20000000,,tt0095687,en,My Stepmother Is an Alien,"Trying to rescue her home planet from destruction, a gorgeous extraterrestrial named Celeste arrives on Earth and begins her scientific research. She woos quirky scientist Dr. Steve Mills, a widower with a young daughter. Before long, Celeste finds herself in love with Steve and her new life on Earth, where she experiences true intimacy for the first time. But when she loses sight of her mission, she begins to question where she belongs.",15.457,https://image.tmdb.org/t/p/original//o9feh3DGHvNZ835cm2ajYHwZwiN.jpg,Man's closest encounter.,"Comedy, Science Fiction","Weintraub Entertainment Group, The Catalina Production Group, Columbia Pictures",United States of America,English
65ef3f4a675dde801085620b,601796,Alienoid,7.209,163,Released,2022-07-20T00:00:00.000Z,12067556,143,FALSE,/baf8eep8af9y7ekjN9X1OW9y01V.jpg,24457676,,tt20168564,ko,외계+인 1부,"Gurus in the late Goryeo dynasty try to obtain a fabled, holy sword, and humans in 2022 hunt down an alien prisoner that is locked in a human's body. The two parties cross paths when a time-traveling portal opens up.",47.93,https://image.tmdb.org/t/p/original//8QVDXDiOGHRcAD4oM6MXjE0osSj.jpg,"For Ages, Aliens have locked up their prisoners in humans bodies.","Science Fiction, Action, Fantasy, Adventure","Caper Film, CJ ENM",South Korea,Korean
65ef4303675dde801090e3c9,82374,Alien Adventure,0,0,Released,1999-08-20T00:00:00.000Z,8959784,37,FALSE,,0,,tt0238829,en,Alien Adventure,"The movie begins with an extraterrestrial humanoid species, the Glegoliths, wandering through space in search of a new world. Encountering an unknown planet (which turns out to be Earth), the Glegolith leader (Cyrillus) sends two ""manned"" probes to the surface to determine if it is suitable for colonisation.  The scouts in the probes think they have arrived at a great city, but in fact they have arrived at a new amusement park that is not yet open to the public. They proceed to explore four amusement rides.",0.6,https://image.tmdb.org/t/p/original//wcqF8UL0mxpsJit8iqpGlT83INg.jpg,,"Fantasy, Animation, Science Fiction",,,
65ef438e675dde8010928353,738006,Demasiado caliente para ti,0,0,Released,1996-08-23T00:00:00.000Z,297293,0,FALSE,,0,,tt0116071,es,Demasiado caliente para ti,,0.6,https://image.tmdb.org/t/p/original//ml9vgBBOZHmMOpUp8kpCdz0Z2XG.jpg,,"Comedy, Romance","Anem Films, Canal+ España, Memore Films S.L., Origen Producciones Cinematograficas, RTV Comercial de Cuba, TVE",Spain,Spanish
65ef3fcc675dde801086b0a7,146546,Italiencele,4.7,7,Released,2004-10-15T00:00:00.000Z,15133,82,FALSE,,0,,tt0433679,ro,Italiencele,"Two reasonably young girls want to leave their home town and go to work abroad. However, their dreams are quickly shattered by the cold truth of reality and they find out that every dream must have its cost.",1.423,https://image.tmdb.org/t/p/original//3mxZIitJo7Pz5tygSdfUmq5Iqp0.jpg,A dramatic comedy with happy ending.,"Comedy, Drama","Imago Film, Ro De Film",Romania,Romanian
65ef41cc675dde80108cf44f,1170990,"Libres, valientes y felices",0,0,Released,,500,53,FALSE,,500,,tt10359810,en,"Libres, valientes y felices",The story of four transgender people.,0.6,https://image.tmdb.org/t/p/original//tJdDAtPWz1qmJqQVHIDzIJvYjYB.jpg,,,,,
65ef41a0675dde80108c57f6,1189268,Alien: The Director's Cut,0,0,Released,,104,115,FALSE,,11,,,en,Alien: The Director's Cut,Director Ridley Scott re-edits his 1979 sci-fi classic to produce an elegantly re-mastered film that is as terrifying and effective as ever.,0.6,,In space no one can hear you scream.,,,,
65ef4060675dde8010884899,643818,ALIENS,6,2,Released,2016-05-05T00:00:00.000Z,0,6,FALSE,,0,,tt5277916,es,ALIENS,,1.174,https://image.tmdb.org/t/p/original//mdJ6RwSR3z6YlqJarUd14YK3qO6.jpg,,Drama,,Spain,
65ef411f675dde80108a9567,,The Inexplicable Joy of Film - A Trenz Core,0,0,Released,,500000000,5,FALSE,,10000000,,,en,,,0.6,,,,,,
65ef3f32675dde801085322e,274479,Joy,6.51,3828,Released,,101134059,124,FALSE,,60000000,,,en,,,13.845,,,Drama,,,
65ef3f36675dde8010853c7e,10866,Joy Ride,6.485,1053,Released,,36642838,97,FALSE,,23000000,,,en,,,16.758,,,"Drama, Comedy",,,
65ef3f4d675dde8010856b4c,19931,The Joy Luck Club,7.091,126,Released,,32861136,139,FALSE,,11000000,,,en,,,10.332,,,"Mystery, Thriller, Drama",,,
65ef3f37675dde8010854010,11661,Joyeux Noel,7.426,789,Released,,17709155,116,FALSE,,22000000,,,fr,,,16.183,,,Drama,,,
65ef3f4b675dde801085673f,47821,City of Joy,6.6,141,Released,,14683921,132,FALSE,,27000000,,,en,,,7.849,,,"Drama, War, Romance, History",,,
65ef3f4a675dde801085615f,864168,Joy Ride,6.623,167,Released,,11000000,95,FALSE,,0,,,en,,,65.62,,,Drama,,,
65ef40aa675dde80108928e6,1050614,"Enjoy The Divine Body Of Ria Yamate, A Bikini Idol Who Has The Number One Body In Kyushu. The Land Of Sex Services",10,1,Released,,10000000,150,TRUE,,1000,,,ja,,,0.6,,,Comedy,,,
65ef3f82675dde801085ed38,85509,Joy of Sex,4.525,20,Released,,4463841,93,FALSE,,0,,,en,,,3.314,,,Romance,,,
65ef3f5f675dde80108595a6,27323,Joysticks,4.722,54,Released,,3952448,88,FALSE,,300000,,,en,,,6.349,,,"Comedy, Romance",,,
65ef3f7c675dde801085de72,77680,El robobo de la jojoya,4.2,23,Released,,3370574,82,FALSE,,0,,,es,,,4.485,,,Comedy,,,
65ef4077675dde8010888f42,267296,Andy Mckee: Joyland,5.2,2,Released,,50000,0,FALSE,,20000,,,pt,,,0.6,,,Comedy,,,
65ef40ef675dde801089fa33,313946,A Joy Ride,5,1,Released,,0,0,FALSE,,0,,,en,,,1.124,,,"Music, Documentary",,,
65ef43f4675dde801093ca9c,589283,A 'Soir' Full of Joy,0,0,Released,,0,112,FALSE,,0,,,fr,,,0.6,,,"Comedy, Animation",,,
65ef3f88675dde801085ff48,516261,A Joy Story: Joy and Heron,7.4,18,Released,,0,6,FALSE,,0,,,en,,,1.541,,,"Comedy, War",,,
65ef4215675dde80108e07ae,1078970,A Joy Story: Joy and Lucky Carp,0,0,Released,,0,4,FALSE,,0,,,xx,,,0.6,,,"Animation, Comedy",,,
65ef4258675dde80108ee8c3,1105055,18 Today 10: Joy Sticks,0,0,Released,,0,81,TRUE,,0,,,en,,,0,,,Animation,,,
65ef41ee675dde80108d778f,1216855,A Black Joy Prequel,0,0,Released,,0,12,FALSE,,0,,,nl,,,0,,,,,,
65ef415a675dde80108b621c,969841,A Joy To Bang,0,0,Released,,0,0,TRUE,,0,,,en,,,0.654,,,,,,
65ef439e675dde801092b87e,845066,A Joyful Mind - Finding true happiness through the practice of meditation,0,0,Released,,0,59,FALSE,,0,,,en,,,0.6,,,,,,
65ef417f675dde80108be438,985366,A Day in The Life of George,0,0,Released,,1000000000,4,FALSE,,15,,,en,,,0.6,,,,,,
65ef3f30675dde8010852f20,602,Independence Day,6.868,8884,Released,,817400891,145,FALSE,,75000000,,,en,,,33.606,,,"Action, Adventure, Science Fiction",,,
65ef3f30675dde8010852e40,127585,X-Men: Days of Future Past,7.5,14433,Released,,747862775,132,FALSE,,250000000,,,en,,,60.194,,,"Action, Adventure, Science Fiction",,,
65ef3f30675dde8010852f8d,435,The Day After Tomorrow,6.509,7436,Released,,552639571,124,FALSE,,125000000,,,en,,,30.132,,,"Action, Adventure, Science Fiction, Thriller",,,
65ef3f30675dde8010852e87,280,Terminator 2: Judgment Day,8.104,11744,Released,,520000000,137,FALSE,,102000000,,,en,,,69.45,,,"Action, Thriller, Science Fiction",,,
65ef3f32675dde8010853337,36669,Die Another Day,5.963,3197,Released,,431971116,133,FALSE,,140000000,,,en,,,28.423,,,"Adventure, Action, Thriller",,,
65ef3f30675dde801085307f,47933,Independence Day: Resurgence,5.283,5674,Released,,389681935,120,FALSE,,165000000,,,en,,,31.224,,,"Action, Adventure, Science Fiction",,,
65ef3f30675dde801085303e,47964,A Good Day to Die Hard,5.3,6052,Released,,304654182,98,FALSE,,92000000,,,en,,,88.883,,,"Action, Thriller",,,
65ef3f32675dde80108531c7,37834,Knight and Day,6.195,4141,Released,,261989769,109,FALSE,,117000000,,,en,,,24.293,,,"Action, Comedy",,,
65ef3f34675dde8010853755,11009,Saturday Night Fever,6.714,1742,Released,,237113184,119,FALSE,,3500000,,,en,,,20.571,,,"Music, Drama",,,
65ef3f32675dde8010853352,10200,The Day the Earth Stood Still,5.598,3133,Released,,233093859,104,FALSE,,80000000,,,en,,,26.564,,,"Drama, Science Fiction, Thriller",,,
65ef3f32675dde8010853477,1268,Mr. Bean's Holiday,6.342,2619,Released,,232225908,90,FALSE,,25000000,,,en,,,22.843,,,"Family, Comedy",,,
65ef3f3d675dde8010854cf2,575813,Better Days,8.183,360,Released,,225879065,135,FALSE,,0,,,zh,,,14.964,,,Drama,,,
65ef3f32675dde80108533d8,32856,Valentine's Day,5.905,2889,Released,,216485654,125,FALSE,,52000000,,,en,,,16.528,,,"Comedy, Romance",,,
65ef3f34675dde80108537a9,9946,End of Days,6.043,1681,Released,,211989043,121,FALSE,,100000000,,,en,,,17.89,,,"Action, Fantasy, Horror, Mystery",,,
65ef3f30675dde801085315d,1581,The Holiday,7.078,4592,Released,,194168700,136,FALSE,,85000000,,,en,,,19.822,,,"Comedy, Romance",,,
65ef3f34675dde8010853833,708,The Living Daylights,6.505,1580,Released,,191185897,130,FALSE,,40000000,,,en,,,20.543,,,"Action, Adventure, Thriller",,,
65ef3f32675dde80108532bf,9919,How to Lose a Guy in 10 Days,6.754,3496,Released,,177502387,116,FALSE,,50000000,,,en,,,22.124,,,"Comedy, Romance",,,
65ef3f36675dde8010853a04,6068,Six Days Seven Nights,6.039,1325,Released,,164839294,98,FALSE,,70000000,,,en,,,16.824,,,"Adventure, Action, Comedy, Romance",,,
65ef3f34675dde801085365e,10708,Daddy Day Care,5.895,1965,Released,,164433867,92,FALSE,,60000000,,,en,,,21.538,,,"Comedy, Family",,,
